KtoNr;KtoBezeichnung;KontoartText
"0001";"Ingangsetzungs- und Erweiterungsaufwand";"Asset"
"0002";"Aufwendungen Währungsumstellung Euro";"Asset"
"0010";"Konzessionen und gewerbl.Schutzrechte";"Asset"
"0015";"Konzessionen";"Asset"
"0020";"Gewerbliche Schutzrechte";"Asset"
"0025";"Ähnliche Rechte und Werte";"Asset"
"0027";"EDV-Software";"Asset"
"0030";"Lizenzen an gewerblichen Schutzrechten";"Asset"
"0035";"Geschäfts- oder Firmenwert";"Asset"
"0038";"Anzahlungen auf Geschäfts-, Firmenwert";"Asset"
"0039";"Anzahlungen immaterielle VermG";"Asset"
"0040";"Verschmelzungsmehrwert";"Asset"
"0050";"Grundstücke,grndst.Rechte und Bauten";"Asset"
"0059";"Grundstücksanteil häusl. Arbeitszimmer";"Asset"
"0060";"Grundstücke, grundstücksgl. Rechte";"Asset"
"0065";"Unbebaute Grundstücke";"Asset"
"0070";"Grundstücksgleiche Rechte";"Asset"
"0075";"Grundstücke mit Substanzverzehr";"Asset"
"0079";"Anzahlungen a.Grundstücke ohne Bauten";"Asset"
"0080";"Bauten auf eigenen Grundstücken";"Asset"
"0085";"Grundstückswert bebauter Grundstücke";"Asset"
"0090";"Geschäftsbauten";"Asset"
"0100";"Fabrikbauten";"Asset"
"0110";"Garagen";"Asset"
"0111";"Außenanlagen";"Asset"
"0112";"Hof- und Wegebefestigungen";"Asset"
"0113";"Einrichtung Fabrik- und Geschäftsbauten";"Asset"
"0115";"Andere Bauten";"Asset"
"0120";"Geschäfts-,Fabrik-u.and. Bauten im Bau";"Asset"
"0129";"Anzahlg. auf Bauten eigen. Grundstücken";"Asset"
"0140";"Wohnbauten";"Asset"
"0145";"Garagen";"Asset"
"0146";"Außenanlagen";"Asset"
"0147";"Hof- und Wegebefestigungen";"Asset"
"0148";"Einrichtungen für Wohnbauten";"Asset"
"0149";"Gebäudeanteil häusl. Arbeitszimmer";"Asset"
"0150";"Wohnbauten im Bau";"Asset"
"0159";"Anzahlg. auf Wohnbauten a.eig.Grundst";"Asset"
"0160";"Bauten auf fremden Grundstücken";"Asset"
"0165";"Geschäftsbauten";"Asset"
"0170";"Fabrikbauten";"Asset"
"0175";"Garagen";"Asset"
"0176";"Außenanlagen";"Asset"
"0177";"Hof- und Wegebefestigungen";"Asset"
"0178";"Einrichtung Fabrik- und Geschäftsbauten";"Asset"
"0179";"Andere Bauten";"Asset"
"0180";"Geschäfts-,Fabrik-u.and. Bauten im Bau";"Asset"
"0189";"Anzahlg. auf Bauten fremd. Grundstücken";"Asset"
"0190";"Wohnbauten";"Asset"
"0191";"Garagen";"Asset"
"0192";"Außenanlagen";"Asset"
"0193";"Hof- und Wegebefestigungen";"Asset"
"0194";"Einrichtungen für Wohnbauten";"Asset"
"0195";"Wohnbauten im Bau";"Asset"
"0199";"Anzahlungen a. Wohnbauten a. fremd. Gr.";"Asset"
"0200";"Technische Anlagen und Maschinen";"Asset"
"0210";"Maschinen";"Asset"
"0220";"Maschinengebundene Werkzeuge";"Asset"
"0240";"Maschinelle Anlagen";"Asset"
"0260";"Transportanlagen und ähnliches";"Asset"
"0280";"Betriebsvorrichtungen";"Asset"
"0290";"Technische Anlagen und Maschinen im Bau";"Asset"
"0299";"Anzahlungen auf technische Anlagen";"Asset"
"0300";"Betriebs- und Geschäftsausstattung";"Asset"
"0310";"Andere Anlagen";"Asset"
"0320";"PKW";"Asset"
"0350";"LKW";"Asset"
"0380";"Sonstige Transportmittel";"Asset"
"0400";"Betriebsausstattung";"Asset"
"0410";"Geschäftsausstattung";"Asset"
"0420";"Büroeinrichtung";"Asset"
"0430";"Ladeneinrichtung";"Asset"
"0440";"Werkzeuge";"Asset"
"0450";"Einbauten";"Asset"
"0460";"Gerüst- und Schalungsmaterial";"Asset"
"0480";"GWG bis 410 Euro";"Asset"
"0490";"Sonstige Betriebs-u.Gesch.ausstattung";"Asset"
"0498";"Betriebs- u. Gesch.ausstattung im Bau";"Asset"
"0499";"Anzahlung Betriebs- u. Gesch.ausstattung";"Asset"
"0500";"Anteile an verbundenen Unternehmen";"Asset"
"0504";"Anteile a.herrschender Gesellschaft";"Asset"
"0505";"Ausleihungen an verbundene Unternehmen";"Asset"
"0510";"Beteiligungen";"Asset"
"0513";"Typisch stille Beteiligungen";"Asset"
"0516";"Atypische stille Beteiligungen";"Asset"
"0517";"Andere Beteiligungen an Kapitalges.";"Asset"
"0518";"Andere Beteiligungen an Personenges.";"Asset"
"0519";"Beteiligung GmbH&Co.an Komplementär GmbH";"Asset"
"0520";"Ausleih. an UN mit Beteiligungsverh.";"Asset"
"0525";"Wertpapiere des Anlagevermögens";"Asset"
"0530";"Wertpapiere mit Gewinnbeteil.ansprüch.";"Asset"
"0535";"Festverzinsliche Wertpapiere";"Asset"
"0540";"Sonstige Ausleihungen";"Asset"
"0550";"Darlehen";"Asset"
"0570";"Genossenschaftsanteile z.lfr.Verbleib";"Asset"
"0580";"Ausleihungen an Gesellschafter";"Asset"
"0590";"Ausleihungen an nahe stehende Personen";"Asset"
"0595";"LV-Rückdeckungsansprüche z.lfr.Verbl.";"Asset"
"0600";"Anleihen, nicht konvertibel";"Liability"
"0601";"Anleihen, nicht konvertibel (b. 1 Jahr)";"Liability"
"0605";"Anleihen, nicht konvertibel (1-5 Jahre)";"Liability"
"0610";"Anleihen, nicht konvertibel (g.5 Jahre)";"Liability"
"0615";"Anleihen konvertibel";"Liability"
"0616";"Anleihen konvertibel(bis 1 Jahr)";"Liability"
"0620";"Anleihen konvertibel(1-5 Jahre)";"Liability"
"0625";"Anleihen konvertibel(größer 5 Jahre)";"Liability"
"0630";"Verbindlichkeiten gg. Kreditinstituten";"Liability"
"0631";"Verbindlichkeiten Kreditinstitut(b.1J)";"Liability"
"0640";"Verbindlichkeiten Kreditinstitut(1-5J)";"Liability"
"0650";"Verbindlichkeiten Kreditinstitut(g.5J)";"Liability"
"0660";"TZ-Verbindlichkeit. gg. Kreditinstituten";"Liability"
"0661";"TZ-Verbindlichkeit. Kreditinstitut,b.1 J";"Liability"
"0670";"TZ-Verbindlichkeit. Kreditinstitut,1-5 J";"Liability"
"0680";"TZ-Verbindlichkeit. Kreditinstitut,g.5 J";"Liability"
"0690";"(frei, in Bilanz kein Restlaufzeitvermerk)";"Liability"
"0699";"Gegenkonto bei Aufteilung Kto 0690-98";"Liability"
"0700";"Verbindlichk.gegenüber verbundenen UN";"Liability"
"0701";"Verbindlichkeit. gg.verbundene UN(b.1 J)";"Liability"
"0705";"Verbindlichkeit. gg.verbundene UN(1-5 J)";"Liability"
"0710";"Verbindlichkeit. gg.verbundene UN(g.5 J)";"Liability"
"0715";"Verbindl. gg.UN mit Beteiligungsverh.";"Liability"
"0716";"Verbindl. gg.UN mit Beteiligg.verh. b.1J";"Liability"
"0720";"Verbindl. gg.UN mit Beteiligg.verh. 1-5J";"Liability"
"0725";"Verbindl. gg.UN mit Beteiligg.verh. g.5J";"Liability"
"0730";"Verbindlichkeit.gg. Gesellschaftern";"Liability"
"0731";"Verbindlichkeit.gg. Gesellschaftern b.1J";"Liability"
"0740";"Verbindlichkeit.gg. Gesellschaftern 1-5J";"Liability"
"0750";"Verbindlichkeit.gg. Gesellschaftern g.5J";"Liability"
"0755";"Verb.gg.Gesellschaftern off.Ausschüttg.";"Liability"
"0760";"Darlehen typ. stiller Gesellschafter";"Liability"
"0761";"Darlehen typ. stiller Gesellsch.(b.1J)";"Liability"
"0764";"Darlehen typ. stiller Gesellsch.(1-5J)";"Liability"
"0767";"Darlehen typ. stiller Gesellsch.(g.5J)";"Liability"
"0770";"Darlehen atyp. stiller Gesellschafter";"Liability"
"0771";"Darlehen atyp. stiller Gesellsch.(b.1J)";"Liability"
"0774";"Darlehen atyp. stiller Gesellsch.(1-5J)";"Liability"
"0777";"Darlehen atyp. stiller Gesellsch.(g.5J)";"Liability"
"0780";"Partiarische Darlehen";"Liability"
"0781";"Partiarische Darlehen(bis 1 Jahr)";"Liability"
"0784";"Partiarische Darlehen(1-5 Jahre)";"Liability"
"0787";"Partiarische Darlehen(g. 5 Jahre)";"Liability"
"0790";"(frei, in Bilanz kein Restlaufzeitvermerk)";"Liability"
"0799";"Gegenkonto bei Aufteilung Kto 0790-98";"Liability"
"0800";"Gezeichnetes Kapital";"Liability"
"0801";"Ausstehende Einlagen nicht eingefordert (AKTIV)";"Asset"
"0809";"Ausstehende Einlage nicht eingefordert";"Asset"
"0810";"Ausstehende Einlagen eingefordert (AKTIV)";"Asset"
"0819";"Ausstehende Einlagen eingefordert";"Asset"
"0820";"Ausstehende Einlagen nicht eingefordert (Passiv)";"Asset"
"0829";"Ausstehende Einlage nicht eingefordert";"Liability"
"0830";"Ausstehende Einlagen eingefordert (Forderungen)";"Asset"
"0838";"Ausstehende Einlage eingefordert";"Asset"
"0839";"Eingeforderte Nachschüsse";"Asset"
"0840";"Kapitalrücklage";"Liability"
"0841";"Kapitalrücklage/Anteile ü. Nennbetrag";"Liability"
"0842";"Kapitalrückl./Ausgabe Schuldverschr.";"Liability"
"0843";"Kapitalrücklage gg.Vorzugsgewährung";"Liability"
"0844";"Kapital-RL durch andere Zuzahl.i.das EK";"Liability"
"0845";"Eingefordertes Nachschusskapital";"Liability"
"0846";"Gesetzliche Rücklage";"Liability"
"0847";"Gesetzl. Rücklage 40% Vorbelastung";"Liability"
"0848";"Gesetzl. Rücklage (stl. Einlagekonto)";"Liability"
"0849";"Gesetzl. Rücklage 0% Vorbelastung EK02";"Liability"
"0850";"Rücklage für eigene Anteile";"Liability"
"0851";"Satzungsmäßige Rücklagen";"Liability"
"0852";"Satzungsm.Rücklagen 40% Vorbelastung";"Liability"
"0853";"Satzungsm.Rücklagen (stl. Einlagekonto)";"Liability"
"0854";"Satzungsm.Rücklagen 0% Vorbelastung EK02";"Liability"
"0855";"Andere Gewinnrückl. 40% Vorbelastung";"Liability"
"0856";"Eigenkapitalanteil von Wertaufholungen";"Liability"
"0857";"Andere Gewinnrücklagen";"Liability"
"0858";"Andere Gewinnrückl. (stl. Einlagekonto)";"Liability"
"0859";"Andere Gewinnrückl. 0% Vorbelastung EK02";"Liability"
"0860";"Gewinnvortrag vor Verwendung";"Liability"
"0862";"Gewinnvortrag 40% Vorbelastung";"Liability"
"0864";"Gewinnvortrag (stl. Einlagekonto)";"Liability"
"0866";"Gewinnvortrag  0% Vorbelastung EK02";"Liability"
"0868";"Verlustvortrag vor Verwendung";"Liability"
"0869";"Vortrag auf neue Rechnung (Bilanz)";"Liability"
"0870";"Festkapital";"Liability"
"0880";"Variables Kapital";"Liability"
"0890";"Gesellschafter-Darlehen";"Liability"
"0900";"Kommandit-Kapital";"Liability"
"0910";"Verlustausgleich";"Liability"
"0920";"Gesellschafter-Darlehen";"Liability"
"0930";"SoPo m. Rücklageanteil, stfr. Rücklage";"Liability"
"0931";"SoPo m. Rücklageanteil § 6 b EStG";"Liability"
"0932";"SoPo m. Rücklageanteil Abschn. 35 EStR";"Liability"
"0933";"SoPo m. Rücklageanteil § 6 d EStG";"Liability"
"0934";"SoPo m. Rücklageanteil § 1 EntwLStG";"Liability"
"0935";"SoPo aus Währungsumstellung auf Euro";"Liability"
"0936";"SoPo m. Rücklageanteil § 7 d EStG";"Liability"
"0937";"SoPo m. Rücklageanteil § 79 EStDV";"Liability"
"0938";"SoPo m. Rücklageanteil § 80 EStDV";"Liability"
"0939";"SoPo m. Rücklageanteil §52 Abs.16 EStG";"Liability"
"0940";"SoPo m. Rücklageanteil, Sonder-AfA";"Liability"
"0941";"SoPo m. Rücklageanteil § 82 a EStDV";"Liability"
"0942";"SoPo m. Rücklageanteil § 82 d EStDV";"Liability"
"0943";"SoPo m. Rücklageanteil § 82 e EStDV";"Liability"
"0944";"SoPo m. Rücklageanteil § 14 BerlinFG";"Liability"
"0945";"Sopo m. Rücklageanteil FördergebietsG.";"Liability"
"0946";"SoPo mit Rücklageanteil nach § 4d EStG";"Liability"
"0947";"Sopo mit Rücklageanteil § 7g Abs.1 EStG";"Liability"
"0948";"SoPo mit Rücklageanteil § 7g/3, 7 EStG";"Liability"
"0949";"Sonderposten für Zuschüsse u. Zulagen";"Liability"
"0950";"Pensions-und ähnliche Rückstellungen";"Liability"
"0955";"Steuerrückstellungen";"Liability"
"0957";"Gewerbesteuerrückstellung";"Liability"
"0963";"Körperschaftsteuerrückstellung";"Liability"
"0969";"Rückstellung für latente Steuern";"Liability"
"0970";"Sonstige Rückstellungen";"Liability"
"0971";"Rückstellungen Instandhaltung bis 3 M";"Liability"
"0972";"Rückstellungen Instandhaltung 4-12 M";"Liability"
"0973";"Rückstellungen Abraum-/Abfallbeseit.";"Liability"
"0974";"Rückstellungen f. Gewährleistungen";"Liability"
"0976";"Rückstellungen f. drohende Verluste";"Liability"
"0977";"Rückstellungen für Abschluss u. Prüfung";"Liability"
"0978";"Aufwandsrückstellungen § 249 II HGB";"Liability"
"0979";"Rückstellungen für Umweltschutz";"Liability"
"0980";"Aktive Rechnungsabgrenzung";"Asset"
"0983";"Abgrenzung aktive latente Steuern";"Asset"
"0984";"Aufwand Zölle und Verbrauchsteuern";"Asset"
"0985";"Aufwand Umsatzsteuer auf Anzahlungen";"Asset"
"0986";"Damnum/Disagio";"Asset"
"0990";"Passive Rechnungsabgrenzung";"Liability"
"0992";"Abgr. zur unterjährigen Kostenverrechnung BWA";"Liability"
"0996";"Pauschalwertberichtigung Forderg./b.1J";"Asset"
"0997";"Pauschalwertberichtigung Forderg./g.1J";"Asset"
"0998";"Einzelwertberichtigung Forderung(b.1J)";"Asset"
"0999";"Einzelwertberichtigung Forderung(g.1J)";"Asset"
"1000";"Kasse";"Asset"
"1010";"Nebenkasse 1";"Asset"
"1020";"Nebenkasse 2";"Asset"
"1100";"Postbank";"Asset"
"1110";"Postbank 1";"Asset"
"1120";"Postbank 2";"Asset"
"1130";"Postbank 3";"Asset"
"1190";"LZB-Guthaben";"Asset"
"1195";"Bundesbankguthaben";"Asset"
"1200";"Bank";"Asset"
"1210";"Bank 1";"Asset"
"1220";"Bank 2";"Asset"
"1230";"Bank 3";"Asset"
"1240";"Bank 4";"Asset"
"1250";"Bank 5";"Asset"
"1290";"Finanzmittelanlagen kurzfr. Disposition";"Asset"
"1300";"Wechsel aus Lieferung und Leistung";"Asset"
"1301";"Wechsel a. Lieferungen/Leistungen b.1 J";"Asset"
"1302";"Wechsel a. Lieferungen/Leistungen g.1 J";"Asset"
"1305";"Wechsel a. Lieferungen/Leistungen bbf.";"Asset"
"1310";"Besitzwechsel gegen verbund. Unternehmen";"Asset"
"1311";"Besitzwechsel gegen verbundene UN (b.1J)";"Asset"
"1312";"Besitzwechsel gegen verbundene UN (g.1J)";"Asset"
"1315";"Besitzwechs.gg.verb.UN, bundesbankfähig";"Asset"
"1320";"Besitzwechsel gg.UN m. Beteiligungsverh.";"Asset"
"1321";"Besitzwechsel gg.UN m.Beteiligg.verh.b1J";"Asset"
"1322";"Besitzwechsel gg.UN m.Beteiligg.verh.g1J";"Asset"
"1325";"Besitzwechsel gg.UN m.Beteiligg.verh.bbf";"Asset"
"1327";"Finanzwechsel";"Asset"
"1329";"Wertpap. mit geringen Wertschwankungen";"Asset"
"1330";"Schecks";"Asset"
"1340";"Anteile an verbundenen Unternehmen";"Asset"
"1344";"Anteile a.herrschender Gesellschaft";"Asset"
"1345";"Eigene Anteile";"Asset"
"1348";"Sonstige Wertpapiere";"Asset"
"1349";"Wertpapieranlagen kurzfr. Disposition";"Asset"
"1350";"GmbH-Anteile z.kurzfristigen Verbleib";"Asset"
"1352";"Genossenschaftsanteile z.kfr.Verbleib";"Asset"
"1355";"Ansprüche a. Rückdeckungsversicherung";"Asset"
"1360";"Geldtransit";"Asset"
"1370";"Gewinnermittlung §4/3 ergebniswirksam";"Asset"
"1371";"Gewinnermittlung §4/3 nicht ergebnisw";"Asset"
"1380";"Überleitung Kostenstellen";"Asset"
"1390";"Verrechnung Ist-Versteuerung";"Asset"
"1400";"Forderungen aus Lieferungen u.Leistung";"Asset"
"1410";"Forderungen aus Lieferungen u.Leistung";"Asset"
"1450";"Forderungen nach § 11 EStG für § 4/3";"Asset"
"1451";"Forderg.a. Lieferungen/Leistungen b.1 J";"Asset"
"1455";"Forderg.a. Lieferungen/Leistungen g.1 J";"Asset"
"1460";"Zweifelhafte Forderungen";"Asset"
"1461";"Zweifelhafte Forderungen (bis 1 Jahr)";"Asset"
"1465";"Zweifelhafte Forderungen (g. 1 Jahr)";"Asset"
"1470";"Forderungen aus L+L gg. verbundenen UN";"Asset"
"1471";"Forderungen aus L+L gg. verbund. UN b.1J";"Asset"
"1475";"Forderungen aus L+L gg. verbund. UN g.1J";"Asset"
"1478";"WB Forderungen gg. verbundene UN (b.1J)";"Asset"
"1479";"WB Forderungen gg. verbundene UN (g.1J)";"Asset"
"1480";"Forderg. L+L gg.UN m. Beteiligungsverh.";"Asset"
"1481";"Forderg. L+L gg.UN m.Beteiligg.verh.b1J";"Asset"
"1485";"Forderg. L+L gg.UN m.Beteiligg.verh.g1J";"Asset"
"1488";"WB Forderg.gg.UN m.Beteiligg.verh. b.1J";"Asset"
"1489";"WB Forderg.gg.UN m.Beteiligg.verh. g.1J";"Asset"
"1490";"Forderungen aus L+L gg. Gesellschafter";"Asset"
"1491";"Forderg. aus L+L gg.Gesellschafter b.1 J";"Asset"
"1495";"Forderg. aus L+L gg.Gesellschafter g.1 J";"Asset"
"1498";"Gegenkonto sonst.VG bei Buchung Debitor";"Asset"
"1499";"Gegenkonto bei Aufteilung Debitoren";"Asset"
"1500";"Sonstige Vermögensgegenstände";"Asset"
"1501";"Sonstige Vermögensgegenstände (b.1 J)";"Asset"
"1502";"Sonstige Vermögensgegenstände (g.1 J)";"Asset"
"1503";"Forderungen gg. Geschäftsf.(b.1J)";"Asset"
"1504";"Forderungen gg. Geschäftsf.(g.1J)";"Asset"
"1505";"Forderungen gg. Aufsichtsratsm. (b.1 J)";"Asset"
"1506";"Forderungen gg. Aufsichtsratsm. (g.1 J)";"Asset"
"1507";"Forderungen gg. Gesellschafter (b.1J)";"Asset"
"1508";"Forderungen gg. Gesellschafter (g.1J)";"Asset"
"1510";"Geleistete Anzahlungen auf Vorräte";"Asset"
"1511";"Geleistete Anzahlungen 7% Vorsteuer";"Asset"
"1516";"Geleistete Anzahlungen 15% Vorsteuer";"Asset"
"1517";"Geleistete Anzahlungen 16% Vorsteuer";"Asset"
"1518";"Geleistete Anzahlungen 19% Vorsteuer";"Asset"
"1521";"Agenturwarenabrechnung";"Asset"
"1525";"Kautionen";"Asset"
"1526";"Kautionen (bis 1 J)";"Asset"
"1527";"Kautionen (g. 1 J)";"Asset"
"1530";"Forderg. gg. Personal Lohn- u. Gehalt";"Asset"
"1531";"Forderungen gegen Personal (bis 1Jahr)";"Asset"
"1537";"Forderungen gegen Personal (g. 1Jahr)";"Asset"
"1540";"Steuerüberzahlungen";"Asset"
"1542";"Steuererst.anspruch gegen ander. EG-Land";"Asset"
"1543";"Forderg. an FA aus abgeführtem Bauabzug";"Asset"
"1545";"USt-Forderungen";"Asset"
"1547";"Forderungen aus Verbrauchsteuern";"Asset"
"1548";"Vorsteuer im Folgejahr abziehbar";"Asset"
"1549";"Körperschaftsteuerrückforderung";"Asset"
"1550";"Darlehen";"Asset"
"1551";"Darlehen bis 1 Jahr";"Asset"
"1555";"Darlehen g. 1 Jahr";"Asset"
"1556";"Nachträgl. abz. Vorsteuer, bewegl. WG";"Asset"
"1557";"Zurückzuzahlende Vorsteuer, bewegl.WG";"Asset"
"1558";"Nachträgl. abz. Vorsteuer, unbewegl. WG";"Asset"
"1559";"Zurückzuzahl. Vorsteuer, unbewegl. WG";"Asset"
"1560";"Aufzuteilende Vorsteuer";"Asset"
"1561";"Aufzuteilende Vorsteuer 7%";"Asset"
"1562";"Aufzuteilende Vorsteuer aus EG-Erwerb";"Asset"
"1563";"Aufzuteilende Vorsteuer aus EG-Erwerb 19%";"Asset"
"1565";"Aufzuteilende Vorsteuer 16%";"Asset"
"1566";"Aufzuteilende Vorsteuer 19%";"Asset"
"1567";"Aufzuteilende Vorsteuer §§13a/13b UStG";"Asset"
"1568";"Aufzuteilende Vorsteuer nach §§13a/13b UstG 16%";"Asset"
"1569";"Aufzuteilende Vorsteuer nach §§13a/13b UStG 19%";"Asset"
"1570";"Abziehbare Vorsteuer";"Asset"
"1571";"Abziehbare Vorsteuer 7%";"Asset"
"1572";"Abziehbare Vorsteuer aus EG-Erwerb";"Asset"
"1573";"Abziehbare Vorsteuer aus EG-Erwerb 16%";"Asset"
"1574";"Abziehbare Vorsteuer aus EG-Erwerb 19%";"Asset"
"1575";"Abziehbare Vorsteuer 16%";"Asset"
"1576";"Abziehbare Vorsteuer 19%";"Asset"
"1577";"Abziehbare Vorsteuer nach § 13b UStG 19%";"Asset"
"1578";"Abziehbare Vorsteuer § 13b UStG";"Asset"
"1579";"Abziehbare Vorsteuer § 13b UStG 16%";"Asset"
"1580";"Gegenkonto Vorsteuer § 4/3 EStG";"Asset"
"1581";"Auflösung Vorsteuer Vorjahr § 4/3 EStG";"Asset"
"1582";"Vorsteuer aus Investitionen Par. 4/3 EStG";"Asset"
"1583";"Gegenkonto für Vorsteuer  §4 Abs.3 EStG";"Asset"
"1584";"Vorsteuer EG-Erwerb neue Kfz ohne UStID";"Asset"
"1586";"Kürzung BerlinFG";"Asset"
"1588";"Bezahlte Einfuhrumsatzsteuer";"Asset"
"1589";"Bezahlte Einfuhrumsatzsteuer (EG)";"Asset"
"1590";"Durchlaufende Posten";"Asset"
"1592";"Fremdgeld";"Asset"
"1593";"Verrechnung erhaltene Anzahlungen";"Asset"
"1594";"Forderungen gegen verbund.Unternehmen";"Asset"
"1595";"Forderungen gg. verbundene UN(b. 1 J)";"Asset"
"1596";"Forderungen gg. verbundene UN(g. 1 J)";"Asset"
"1597";"Forderungen gg. UN m. Beteiligungsverh.";"Asset"
"1598";"Forderg. gg. UN mit Beteiligg.verh. b.1J";"Asset"
"1599";"Forderg. gg. UN mit Beteiligg.verh. g.1J";"Asset"
"1600";"Verbindl. aus Lieferungen u. Leistungen";"Liability"
"1610";"Verbindlichkeiten ohne Kontokorrent";"Liability"
"1623";"Verbindl. aus Lieferungen u. Leistungen";"Liability"
"1624";"Verbindlichk. Investitionen § 4/3 EStG";"Liability"
"1625";"Verbindl.a.Lieferungen/Leistungen b.1 J";"Liability"
"1626";"Verbindl.a.Lieferungen/Leistungen 1-5 J";"Liability"
"1628";"Verbindl.a.Lieferungen/Leistungen g.5 J";"Liability"
"1630";"Verbindl. aus L+L gg. verbundenen UN";"Liability"
"1631";"Verbindl.aus L+L gg.verbundenen UN b. 1J";"Liability"
"1635";"Verbindl.aus L+L gg.verbundenen UN 1-5 J";"Liability"
"1638";"Verbindl.aus L+L gg.verbundenen UN g.5 J";"Liability"
"1640";"Verbindl.aus L+L gg.UN m.Beteiligg.verh.";"Liability"
"1641";"Verbindl.aus L+L gg.UN m. Bet.verh. b.1J";"Liability"
"1645";"Verbindl.aus L+L gg.UN m. Bet.verh. 1-5J";"Liability"
"1648";"Verbindl.aus L+L gg.UN m. Bet.verh. g.5J";"Liability"
"1650";"Verbindl. aus L+L gg. Gesellschaftern";"Liability"
"1651";"Verbindl. aus L+L gg. Gesellsch. b. 1J";"Liability"
"1655";"Verbindl. aus L+L gg. Gesellsch. 1-5 J";"Liability"
"1658";"Verbindl. aus L+L gg. Gesellsch. g. 5J";"Liability"
"1659";"Gegenkonto bei Aufteilung Kreditoren";"Liability"
"1660";"Schuldwechsel";"Liability"
"1661";"Schuldwechsel (bis 1 Jahr)";"Liability"
"1680";"Schuldwechsel (1-5 Jahre)";"Liability"
"1690";"Schuldwechsel (größer 5 Jahre)";"Liability"
"1700";"Sonstige Verbindlichkeiten";"Liability"
"1701";"Sonstige Verbindlichkeiten (bis 1 J)";"Liability"
"1702";"Sonstige Verbindlichkeiten (1-5 J)";"Liability"
"1703";"Sonstige Verbindlichkeiten (g. 5 J)";"Liability"
"1704";"Sonst. Verbindlichkeiten nach §11 EStG";"Liability"
"1705";"Darlehen";"Liability"
"1706";"Darlehen bis 1 Jahr";"Liability"
"1707";"Darlehen 1-5 Jahre";"Liability"
"1708";"Darlehen g. 5 Jahre";"Liability"
"1709";"Gewinnverfügung stille Gesellschaft.";"Liability"
"1710";"Erhaltene Anzahlungen";"Liability"
"1711";"Erhaltene Anzahlungen 7% USt";"Liability"
"1717";"Erhaltene Anzahlungen 16% USt";"Liability"
"1718";"Erhaltene Anzahlungen 19% USt";"Liability"
"1719";"Erhaltene Anzahlungen (bis 1 Jahr)";"Liability"
"1720";"Erhaltene Anzahlungen (1-5 Jahre)";"Liability"
"1721";"Erhaltene Anzahlungen (g. 5 Jahre)";"Liability"
"1722";"Erhaltene Anzahlungen";"Liability"
"1730";"Kreditkartenabrechnung";"Liability"
"1731";"Agenturwarenabrechnung";"Liability"
"1732";"Erhaltene Kautionen";"Liability"
"1733";"Erhaltene Kautionen (bis 1 Jahr)";"Liability"
"1734";"Erhaltene Kautionen (1-5 Jahre)";"Liability"
"1735";"Erhaltene Kautionen (größer 5 Jahre)";"Liability"
"1736";"Verbindl. Betriebssteuern und -abgaben";"Liability"
"1737";"Verbindl.Betriebsst.und -abgaben (b.1 J)";"Liability"
"1738";"Verbindl.Betriebsst.und -abgaben (1-5 J)";"Liability"
"1739";"Verbindl.Betriebsst.und -abgaben (g.5 J)";"Liability"
"1740";"Verbindlichkeiten aus Lohn und Gehalt";"Liability"
"1741";"Verbindlichk. Lohn- und Kirchensteuer";"Liability"
"1742";"Verbindlichkeiten soziale Sicherheit";"Liability"
"1743";"Verbindlichk. soziale Sicherheit(b.1J)";"Liability"
"1744";"Verbindlichk. soziale Sicherheit(1-5J)";"Liability"
"1745";"Verbindlichk. soziale Sicherheit(g.5J)";"Liability"
"1746";"Verbindlichk. a.Einbehaltung (KapESt)";"Liability"
"1747";"Verbindlichkeiten für Verbrauchsteuern";"Liability"
"1748";"Verbindlichk. Einbehaltung Arbeitnehmer";"Liability"
"1749";"Verbindl. an FA abzuführender Bauabzug";"Liability"
"1750";"Verbindlichkeiten a.Vermögensbildung";"Liability"
"1751";"Verbindlichk. Vermögensbildung(b.1J)";"Liability"
"1752";"Verbindlichk. Vermögensbildung(1-5J)";"Liability"
"1753";"Verbindlichk. Vermögensbildung(g.5J)";"Liability"
"1754";"Steuerzahlungen an andere EG-Länder";"Liability"
"1755";"Lohn- und Gehaltsverrechnungen";"Liability"
"1758";"Umsatzsteuer nach § 13b Abs. 2 UStG 16% (Direkt)";"Liability"
"1759";"USt-Abzugsverfahren, 15% Umsatzsteuer";"Liability"
"1760";"Umsatzsteuer nicht fällig";"Liability"
"1761";"Umsatzsteuer nicht fällig 7%";"Liability"
"1762";"USt nicht fällig, EG-Lieferungen";"Liability"
"1763";"USt nicht fällig, EG-Lieferungen 16%";"Liability"
"1764";"USt nicht fällig, EG-Lieferungen 19%";"Liability"
"1765";"Umsatzsteuer nicht fällig 16%";"Liability"
"1766";"Umsatzsteuer nicht fällig 19%";"Liability"
"1767";"USt im anderen EG-Land stpfl.Lieferung";"Liability"
"1768";"USt im anderen EG-Land s.Leist./Werkl.";"Liability"
"1769";"Steuerzahlungen an andere EG-Länder";"Liability"
"1770";"Umsatzsteuer";"Liability"
"1771";"Umsatzsteuer 7%";"Liability"
"1772";"Umsatzsteuer aus EG-Erwerb 7%";"Liability"
"1773";"Umsatzsteuer aus EG-Erwerb 16%";"Liability"
"1774";"Umsatzsteuer aus EG-Erwerb 19%";"Liability"
"1775";"Umsatzsteuer 16%";"Liability"
"1776";"Umsatzsteuer 19%";"Liability"
"1777";"Umsatzsteuer EG-Lieferungen 7%";"Liability"
"1778";"USt aus im Inland steuerpfl. EG-Lieferungen 19%";"Liability"
"1779";"USt aus EG-Erwerb ohne Vorsteuer-Abzug";"Liability"
"1780";"Umsatzsteuervorauszahlungen";"Liability"
"1781";"Umsatzsteuervorauszahlungen 1/11";"Liability"
"1782";"Nachsteuer";"Liability"
"1783";"Unber. ausgewiesene und geschuldete USt";"Liability"
"1784";"USt EG-Erwerb Neufahrzeuge ohne UStID";"Liability"
"1785";"Umsatzsteuer nach § 13b UStG";"Liability"
"1786";"Umsatzsteuer nach § 13b UStG 16%";"Liability"
"1787";"Umsatzsteuer nach § 13b UStG 19%";"Liability"
"1788";"Aufgeschobene Einfuhr-Umsatzsteuer";"Liability"
"1789";"Umsatzsteuer laufendes Jahr";"Liability"
"1790";"Umsatzsteuer Vorjahr";"Liability"
"1791";"Umsatzsteuer frühere Jahre";"Liability"
"1792";"Sonstige Verrechnung";"Liability"
"1793";"Verrechnung geleistete Anzahlungen";"Liability"
"1800";"Privatentnahmen allgemein";"Liability"
"1810";"Privatsteuern";"Liability"
"1820";"Sonderausgaben beschränkt abzugsfähig";"Liability"
"1830";"Sonderausgaben unbeschränkt abzugsfähig";"Liability"
"1840";"Zuwendungen, Spenden";"Liability"
"1850";"Außergewöhnliche Belastungen";"Liability"
"1860";"Grundstücksaufwand";"Liability"
"1869";"Grundstücksaufwand (Umsatzsteuerschlüssel möglich)";"Liability"
"1870";"Grundstücksertrag";"Liability"
"1880";"Unentgeltliche Wertabgaben";"Liability"
"1890";"Privateinlagen";"Liability"
"1900";"Privatentnahmen allgemein";"Liability"
"1910";"Privatsteuern";"Liability"
"1920";"Sonderausgaben beschränkt abzugsfähig";"Liability"
"1930";"Sonderausgaben unbeschränkt abzugsfähig";"Liability"
"1940";"Zuwendungen, Spenden";"Liability"
"1950";"Außergewöhnliche Belastungen";"Liability"
"1960";"Grundstücksaufwand";"Liability"
"1970";"Grundstücksertrag";"Liability"
"1980";"Unentgeltliche Wertabgaben";"Liability"
"1990";"Privateinlagen";"Liability"
"2000";"Außerordentliche Aufwendungen";"Expense"
"2001";"Ao. Aufwendungen finanzwirksam";"Expense"
"2005";"Ao. Aufwendungen nicht finanzwirksam";"Expense"
"2010";"Betriebsfremde Aufwendungen";"Expense"
"2020";"Periodenfremde Aufwendungen";"Expense"
"2100";"Zinsen und ähnliche Aufwendungen";"Expense"
"2103";"Abzugsfäh. and. Nebenleist. zu Steuern";"Expense"
"2104";"Nicht abzugsfäh.and.Nebenleist.z.Steuern";"Expense"
"2107";"Zinsaufw. § 233a AO betriebliche Steuern";"Expense"
"2108";"Zinsaufwendungen §§ 233a bis 237 AO";"Expense"
"2109";"Zinsaufwendungen an verb.Unternehmen";"Expense"
"2110";"Zinsaufwendungen f.kfr.Verbindlichkeit.";"Expense"
"2113";"Nicht abzugsfähige Schuldzinsen gemäß §4Abs.4a";"Expense"
"2114";"Nicht abzugsfähige Schuldzinsen gemäß P. 4 Abs.4a";"Expense"
"2115";"Zinsen, Aufwendung.100/50% n. abzugsf.";"Expense"
"2116";"Zinsen, Aufw. verb. UN 100/50% n.abzugsf";"Expense"
"2118";"In Dauerschuldz. umqual.Zins. kfr.Verb.";"Expense"
"2119";"Zinsaufwend. f.kfr. Verb.an verbund. UN";"Expense"
"2120";"Zinsaufwendungen f.lfr.Verbindlichkeit.";"Expense"
"2125";"Zinsaufwendungen f. Gebäude d. zum Betribsvermögen";"Expense"
"2126";"Zinsen zur Finanzierung Anlagevermögen";"Expense"
"2127";"Renten/dauer. Lasten Grd./Erw. §8 GewStG";"Expense"
"2128";"Zinsen a.Mituntern. f. lfr. Kap.§15 EStG";"Expense"
"2129";"Zinsaufw. für lfr. Verbindlichk.verb.UN";"Expense"
"2130";"Diskontaufwendungen";"Expense"
"2139";"Diskontaufwendungen an verbundene UN";"Expense"
"2140";"Zinsähnliche Aufwendungen";"Expense"
"2149";"Zinsähnliche Aufwendungen an verb.UN";"Expense"
"2150";"Aufwendungen aus Kursdifferenzen";"Expense"
"2165";"Aufw. aus Währungsumstellung auf Euro";"Expense"
"2166";"Aufwendg. Bewertung Finanzmittelfonds";"Expense"
"2170";"Nicht abziehbare Vorsteuer";"Expense"
"2171";"Nicht abziehbare Vorsteuer 7%";"Expense"
"2175";"Nicht abziehbare Vorsteuer 16%";"Expense"
"2176";"Nicht abziehbare Vorsteuer 19%";"Expense"
"2200";"Körperschaftsteuer";"Expense"
"2203";"Körperschaftsteuer für Vorjahre";"Expense"
"2204";"Körperschaftsteuererstattungen für Vorjahre";"Expense"
"2205";"Körperschaftsteuer auf Kapitalerträge";"Expense"
"2208";"Solidaritätszuschlag";"Expense"
"2209";"Solidaritätszuschlag für Vorjahre";"Expense"
"2210";"Kapitalertragsteuer 25%";"Expense"
"2212";"Kapitalertragsteuer 20%";"Expense"
"2213";"SolZ auf Kapitalertragsteuer 25%";"Expense"
"2214";"SolZ auf Kapitalertragsteuer 20%";"Expense"
"2215";"Zinsabschlagsteuer";"Expense"
"2218";"Solidaritätszuschl. auf Zinsabschlagst.";"Expense"
"2220";"Vermögensteuer";"Expense"
"2223";"Vermögensteuer für Vorjahre";"Expense"
"2280";"Steuernachzahlg. VJ Einkommen und Ertrag";"Expense"
"2282";"Erstattung VJ für EK-/Ertragsteuern";"Expense"
"2284";"Auflösung Rückstellung/EE-Steuern";"Expense"
"2285";"Steuernachzahlg. VJ sonstige Steuern";"Expense"
"2287";"Erstattung VJ für sonstige Steuern";"Expense"
"2289";"Auflösung Rückstellung sonst. Steuern";"Expense"
"2300";"Sonstige Aufwendungen";"Expense"
"2307";"Sonst.Aufwendungen, betriebsfr.u.regelm.";"Expense"
"2309";"Sonstige Aufwendungen unregelmäßig";"Expense"
"2310";"Abgang Sachanlagevermögen RBW Buchverlust";"Expense"
"2311";"Abgänge immat. Vermögensgegenst. RBW";"Expense"
"2312";"Abgänge Finanzanlagen RBW";"Expense"
"2313";"Abgang Finanzanl. 100/50% n. abz. RBW";"Expense"
"2315";"Abgang Sachanlagevermögen RBW Buchgewinn";"Expense"
"2316";"Abgänge immat. Vermögensgegenst. RBW";"Expense"
"2317";"Abgänge Finanzanlagen Restbuchwert";"Expense"
"2318";"Abgang Finanzanl. 100/50% st.frei RBW";"Expense"
"2320";"Verluste aus Anlagenabgang";"Expense"
"2323";"Verlust Veräuß.Ant. KapGes 100/50% n.abz";"Expense"
"2325";"Verluste aus Abgang von Umlaufvermögen";"Expense"
"2340";"Einstellungen SoPo mit Rücklage-Anteil";"Expense"
"2341";"Einstellungen SoPo Ansparabschreibungen";"Expense"
"2345";"Einstellungen SoPo mit Rücklage-Anteil";"Expense"
"2348";"Aufwend. Zuschreibung  Verbindlichk.";"Expense"
"2349";"Aufwend. Zuschreibung Rückstellungen";"Expense"
"2350";"Grundstücksaufwendungen";"Expense"
"2358";"Grundstücksaufw. f. Gebäude nicht Betriebsvermögen";"Expense"
"2375";"Grundsteuer";"Expense"
"2378";"Grundsteuer f. Gebäude nicht Betriebsvermögen";"Expense"
"2380";"Zuwendungen,Spenden steuerl. n. abziehb.";"Expense"
"2381";"Zuwendg.Spenden wissensch./kult. Zweck";"Expense"
"2382";"Zuwendungen,Spenden mildtätige Zwecke";"Expense"
"2383";"Zuwendungen,Spenden kirchl./rel./gemein.";"Expense"
"2384";"Zuwendungen,Spenden an politische Partei";"Expense"
"2385";"Nicht abziehbare AR-Vergütungen";"Expense"
"2386";"Abziehbare Aufsichtsratsvergütung";"Expense"
"2387";"Zuwendg. an Stiftg. gem. § 52/2/1-3 AO";"Expense"
"2388";"Zuwendg. an Stiftg. gem. § 52/2/4 AO";"Expense"
"2389";"Zuwendg. an Stiftg. kirchl./rel./gemein.";"Expense"
"2390";"Zuwendg. an Stiftg. wiss./mildt./kultur.";"Expense"
"2400";"Forderungsverluste";"Revenue"
"2401";"Forderungsverluste 7% USt";"Revenue"
"2402";"Forder.verlust aus stfr. EG-Lieferungen";"Revenue"
"2403";"Forderungsverluste EG-Lieferungen 7%";"Revenue"
"2404";"Forderungsverlust EG-Lieferung 16% USt";"Revenue"
"2405";"Forderungsverluste 16% USt";"Revenue"
"2406";"Forderungsverluste 19% USt (übliche Höhe)";"Revenue"
"2407";"Forderungsverluste 15% USt";"Revenue"
"2408";"Forderungsverl. a. im Inl. steuerpfl. EG-Lief. 19%";"Revenue"
"2409";"Forderungsverluste EG-Lieferung 15% USt";"Revenue"
"2430";"Forderungsverluste";"Revenue"
"2450";"Einstellung in die PWB zu Forderungen";"Expense"
"2451";"Einstellung in die EWB zu Forderungen";"Expense"
"2490";"Aufwendungen aus Verlustübernahme";"Expense"
"2492";"Abgef. Gewinne / Gewinngemeinschaft";"Expense"
"2493";"Abgef. Gewinne stille Gesellschafter §8";"Expense"
"2494";"Abgef. Gewinne / Gewinn-/Teilgewinnabf.";"Expense"
"2495";"Einstellungen Kapitalrücklage";"Expense"
"2496";"Einstellung gesetzliche Rücklage";"Expense"
"2497";"Einstellungen satzungsmäßige Rückl.";"Expense"
"2498";"Einstellung Rücklage eigene Anteile";"Expense"
"2499";"Einstellung in andere Gewinnrücklagen";"Expense"
"2500";"Außerordentliche Erträge";"Revenue"
"2501";"Ao. Erträge finanzwirksam";"Revenue"
"2505";"Ao. Erträge nicht finanzwirksam";"Revenue"
"2510";"Betriebsfremde Erträge";"Revenue"
"2520";"Periodenfremde Erträge";"Revenue"
"2600";"Erträge aus Beteiligungen";"Revenue"
"2615";"Erträge a. Beteiligungen 100/50% stfr";"Revenue"
"2616";"Erträge a.Beteilig. verb.UN 100/50% stfr";"Revenue"
"2617";"Gewinne a. Anteilen inl. Kapitalgesells.";"Revenue"
"2618";"Gewinnant. aus Mituntern.sch.§9 GewStG";"Revenue"
"2619";"Erträge a.Beteilig. an verbundenen UN";"Revenue"
"2620";"Erträge Wertpapiere/Ausleihungen FAV";"Revenue"
"2625";"Erträge a.Beteilig.FAV 100/50% stfr";"Revenue"
"2626";"Erträge a.Beteilig. verb.UN 100/50% stfr";"Revenue"
"2649";"Erträge Wertpapiere/FAV-Ausl.verb.UN";"Revenue"
"2650";"Sonstige Zinsen und ähnliche Erträge";"Revenue"
"2655";"Erträge a.Beteilig.UV 100/50% stfr";"Revenue"
"2656";"Erträge a.Beteilig. verb.UN 100/50% stfr";"Revenue"
"2657";"Zinserträge §233 a AO betriebl. Steuern";"Revenue"
"2658";"Zinserträge §233 a AO KSt/Vermögenst.";"Revenue"
"2659";"Sonst. Zinsen u.ä. Erträge aus verb.UN";"Revenue"
"2660";"Erträge aus Kursdifferenzen";"Revenue"
"2665";"Erträge a. Währungsumstellung auf Euro";"Revenue"
"2666";"Erträge Bewertung Finanzmittelfonds";"Revenue"
"2670";"Diskonterträge";"Revenue"
"2679";"Diskonterträge verbundene Unternehmen";"Revenue"
"2680";"Zinsähnliche Erträge";"Revenue"
"2689";"Zinsähnliche Erträge verbundene UN";"Revenue"
"2700";"Sonstige Erträge";"Revenue"
"2705";"Sonstige betriebl. regelm. Erträge";"Revenue"
"2707";"Sonstige betriebsfr.regelm. Erträge";"Revenue"
"2709";"Sonstige Erträge unregelmäßig";"Revenue"
"2710";"Erträge Zuschreibg. Sachanlagevermögen";"Revenue"
"2711";"Erträge Zuschreibg. immat. Anlagevermög.";"Revenue"
"2712";"Erträge Zuschreibg. Finanzanlagevermögen";"Revenue"
"2713";"Erträge Zuschreibg. FAV 100/50% steuerfr";"Revenue"
"2714";"Erträge Zuschreibg. AV 100/50% steuerfr.";"Revenue"
"2715";"Erträge Zuschreibung Umlaufvermögen";"Revenue"
"2716";"Erträge Zuschreibg. UV 100/50% steuerfr.";"Revenue"
"2720";"Erträge aus Abgang von AV-Gegenständen";"Revenue"
"2723";"Erträge Veräuß.Ant. KapGes 100/50% stfr.";"Revenue"
"2725";"Erträge aus Abgang von UV-Gegenständen";"Revenue"
"2730";"Erträge aus Herabsetzung PWB zu Ford.";"Revenue"
"2731";"Erträge aus Herabsetzung EWB zu Ford.";"Revenue"
"2732";"Erträge aus abgeschriebenen Forderg.";"Revenue"
"2734";"Erträge Bewertung Verbindlichkeiten";"Revenue"
"2735";"Erträge Auflösung von Rückstellungen";"Revenue"
"2736";"Erträge steuerl. Bewertung Rückstellung";"Revenue"
"2737";"Erträge Aufl. SoPo mit Rückl.ant. Euro";"Revenue"
"2738";"Ertr. Aufl. SoPo m. Rückl.ant.§52/16EStG";"Revenue"
"2739";"Erträge Auflösung SoPo Ansparabschreib";"Revenue"
"2740";"Erträge a.d.Aufl.v.S.m. Rücklageanteil";"Revenue"
"2741";"Erträge Auflösung SoPo m. Rücklageant.";"Revenue"
"2742";"Versicherungsentschädigungen";"Revenue"
"2743";"Investitionszuschüsse";"Revenue"
"2744";"Investitionszulage";"Revenue"
"2745";"Erträge a. Kapitalherabsetzung";"Revenue"
"2746";"Steuerfreie Erträge Auflösung Sonserposten";"Revenue"
"2747";"Sonstige steuerfreie Betriebseinnahmen";"Revenue"
"2750";"Grundstückserträge";"Revenue"
"2780";"Steuererstattung Vorjahre für Einkommen u. Ertrag";"Revenue"
"2785";"Steuererstattung Vorjahre sonstige Steuern";"Revenue"
"2790";"Erträge aus Verlustübernahme";"Revenue"
"2792";"Gewinne auf Grund Gewinngemeinschaft";"Revenue"
"2794";"Gewinne auf Grund Gewinn/Teilgewinnabf";"Revenue"
"2795";"Entnahmen aus Kapitalrücklagen";"Revenue"
"2796";"Entnahmen aus der gesetzl. Rücklage";"Revenue"
"2797";"Entnahmen aus satzungsm.Rücklagen";"Revenue"
"2798";"Entnahmen a.d.Rücklage f.eig.Anteile";"Revenue"
"2799";"Entnahmen aus anderen Gewinnrücklagen";"Revenue"
"2860";"Gewinnvortrag nach Verwendung";"Revenue"
"2862";"Gewinnvortrag 40% Vorbelastung";"Revenue"
"2864";"Gewinnvortrag (steuerliches Einlagekto)";"Revenue"
"2866";"Gewinnvortrag 0% Vorbelastung EK02";"Revenue"
"2868";"Verlustvortrag nach Verwendung";"Revenue"
"2869";"Vortrag auf neue Rechnung (GuV)";"Revenue"
"2870";"Vorabausschüttung";"Revenue"
"2890";"Verrechneter kalkul.Unternehmerlohn";"Expense"
"2891";"Verrechnete kalkul. Miete und Pacht";"Expense"
"2892";"Verrechnete kalkulatorische Zinsen";"Expense"
"2893";"Verrechnete kalkul. Abschreibungen";"Expense"
"2894";"Verrechnete kalkulatorische Wagnisse";"Expense"
"2895";"Verrechneter kalk. Lohn, unentgeltl. AN";"Expense"
"3000";"Roh-, Hilfs- und Betriebsstoffe";"Expense"
"3090";"Energiestoffe";"Expense"
"3100";"Fremdleistungen";"Expense"
"3110";"Leistungen ausl. UN 7% Vorsteuer 7% USt";"Expense"
"3115";"Erhaltene Leistungen nach § 13b, 7% VSt, 7% Ust";"Expense"
"3120";"Bauleistungen Inland,19% VSt 19% USt";"Expense"
"3121";"Bauleistungen Inland,19% VSt 19% USt";"Expense"
"3122";"Bauleistungen Inland,16% VSt 16% USt";"Expense"
"3125";"Leistungen Ausland, 19% VSt, 19% USt";"Expense"
"3126";"Leistungen Ausland, 19% VSt, 19% USt";"Expense"
"3127";"Leistungen Ausland, 16% VSt, 16% USt";"Expense"
"3130";"Leistungen ausl. UN ohne Vorst. 7% USt";"Expense"
"3135";"Erhaltene Leistungen nach § 13b, 0% VSt, 7% Ust";"Expense"
"3140";"Bauleistungen Inland ohne Vorst. 19% USt";"Expense"
"3141";"Bauleistungen Inland ohne Vorst. 19% USt";"Expense"
"3142";"Bauleistungen Inland ohne Vorst. 16% USt";"Expense"
"3145";"Leistungen Ausland, ohne VSt, 19%USt";"Expense"
"3146";"Leistungen Ausland, ohne VSt, 19%USt";"Expense"
"3147";"Leistungen Ausland, ohne VSt, 16%USt";"Expense"
"3150";"Leist. v. ausländischen Unternehmen (Nullregelung)";"Expense"
"3151";"Erhaltene Skonti § 13b, 19% VSt, 19% USt";"Expense"
"3200";"Wareneingang";"Expense"
"3300";"Wareneingang 7% Vorsteuer";"Expense"
"3340";"Wareneingang 16 % Vorsteuer";"Expense"
"3400";"Wareneingang 19% Vorsteuer";"Expense"
"3410";"Wareneingang 16 % Vorsteuer";"Expense"
"3420";"EG-Erwerb 7% Vorsteuer und 7% USt";"Expense"
"3425";"EG-Erwerb 19% Vorsteuer 19% USt";"Expense"
"3430";"EG-Erwerb ohne Vorsteuer und 7% USt";"Expense"
"3431";"EG Erwerb 16% Vorsteuer und 16% USt";"Expense"
"3433";"EG Erwerb 16% Vorsteuer und 16% USt";"Expense"
"3435";"EG-Erwerb ohne Vorsteuer und 19% USt";"Expense"
"3436";"EG Erwerb o. Vorsteuerabz. 16 % USt";"Expense"
"3437";"Innergem. Erwerb o. Vorsteuerabz. 15 % USt";"Expense"
"3440";"EG-Erw. Nfz o.UStID 19% VSt, 19%USt";"Expense"
"3441";"EG-Erw. Nfz o.UStID 16% VSt, 16%USt";"Expense"
"3500";"Wareneingang 5% Vorsteuer";"Expense"
"3505";"Wareneingang 5,5% Vorsteuer";"Expense"
"3520";"Wareneingang 8% Vorsteuer";"Expense"
"3530";"Wareneingang 9% Vorsteuer";"Expense"
"3535";"Wareneingang 10% Vorsteuer";"Expense"
"3540";"Wareneingang 10,7% Vorsteuer";"Expense"
"3550";"Steuerfreier EG - Erwerb";"Expense"
"3559";"Steuerfreier Einfuhren";"Expense"
"3560";"Waren aus Umsatzsteuerlager §13a UStG 7%";"Expense"
"3565";"Waren aus Umsatzsteuerlager §13a UStG 19%";"Expense"
"3566";"Waren aus Umsatzsteuerlager §13a UStG 16%";"Expense"
"3600";"Nicht abziehbare Vorsteuer";"Expense"
"3610";"Nicht abziehbare Vorsteuer 7%";"Expense"
"3650";"Nicht abziehbare Vorsteuer 16%";"Expense"
"3660";"Nicht abziehbare Vorsteuer 19%";"Expense"
"3700";"Nachlässe";"Expense"
"3710";"Nachlässe 7% Vorsteuer";"Expense"
"3720";"Nachlässe 19% Vorsteuer";"Expense"
"3722";"Nachlässe 16% Vorsteuer";"Expense"
"3723";"Nachlässe 15% Vorsteuer";"Expense"
"3724";"Nachl. a. EG-Erwerb 7% Vorsteuer/USt";"Expense"
"3725";"Nachl. a. EG-Erwerb 19% Vorsteuer/USt";"Expense"
"3726";"Nachl. a. EG-Erwerb 16% VSt u. 16% USt";"Expense"
"3727";"Nachl. a. EG-Erwerb 15% Vorsteuer/USt";"Expense"
"3730";"Erhaltene Skonti";"Expense"
"3731";"Erhaltene Skonti 7% Vorsteuer";"Expense"
"3735";"Erhaltene Skonti 16% Vorsteuer";"Expense"
"3736";"Erhaltene Skonti 19% Vorsteuer";"Expense"
"3748";"Erhaltene Skonti EG-Erwerb 19% VSt, 19% USt";"Expense"
"3750";"Erhaltene Boni 7% Vorsteuer";"Expense"
"3760";"Erhaltene Boni 19% Vorsteuer";"Expense"
"3762";"Erhaltene Boni 16% Vorsteuer";"Expense"
"3764";"Erhaltene Boni 16% Vorsteuer";"Expense"
"3770";"Erhaltene Rabatte";"Expense"
"3780";"Erhaltene Rabatte 7% Vorsteuer";"Expense"
"3790";"Erhaltene Rabatte 19% Vorsteuer";"Expense"
"3792";"Erhaltene Rabatte 16% Vorsteuer";"Expense"
"3794";"Erhaltene Rabatte 16% Vorsteuer";"Expense"
"3800";"Bezugsnebenkosten";"Expense"
"3830";"Leergut";"Expense"
"3850";"Zölle und Einfuhrabgaben";"Expense"
"3960";"Bestandsveränd.RHB-Stoffe/bezogene Ware";"Expense"
"3970";"Bestand Roh-,Hilfs- und Betriebsstoffe";"Asset"
"3980";"Bestand Waren";"Asset"
"3990";"Verrechnete Stoffkosten";"Expense"
"4000";"Material- und Stoffverbrauch";"Expense"
"4100";"Löhne und Gehälter";"Expense"
"4110";"Löhne";"Expense"
"4120";"Gehälter";"Expense"
"4124";"Geschäftsführergehälter GmbH-Gesells.";"Expense"
"4125";"Ehegattengehalt";"Expense"
"4126";"Tantiemen";"Expense"
"4127";"Geschäftsführergehälter";"Expense"
"4128";"Vergütg. angestellte Mituntern. §15 EStG";"Expense"
"4130";"Gesetzliche Sozialaufwendungen";"Expense"
"4137";"Ges. soz. Aufwendg. Mituntern. §15 EStG";"Expense"
"4138";"Beiträge zur Berufsgenossenschaft";"Expense"
"4139";"Ausgleichsabgabe SchwerbehindertenG";"Expense"
"4140";"Freiwillige soziale Aufwendung. LSt-frei";"Expense"
"4145";"Freiwillige soziale Aufwendung. LSt-pfl.";"Expense"
"4149";"Pauschale Lohnsteuer f. Zuschüsse";"Expense"
"4150";"Krankengeldzuschüsse";"Expense"
"4160";"Versorgungskassen";"Expense"
"4165";"Aufwendungen für Altersversorgung";"Expense"
"4167";"Pauschale Lohnsteuer f. Versicherg";"Expense"
"4168";"Aufw. Altersversorg. Mituntern. §15 EStG";"Expense"
"4169";"Aufwendungen für Unterstützung";"Expense"
"4170";"Vermögenswirksame Leistungen";"Expense"
"4175";"Fahrtkostenerstatt. Whg./Arbeitsstätte";"Expense"
"4180";"Bedienungsgelder";"Expense"
"4190";"Aushilfslöhne";"Expense"
"4199";"Pauschale Lohnsteuer f. Aushilfen";"Expense"
"4200";"Raumkosten";"Expense"
"4210";"Miete";"Expense"
"4218";"GewStl. zu berücks. Miete §8 GewStG";"Expense"
"4219";"Vergütung Mituntern. Miete WG § 15 EStG";"Expense"
"4220";"Pacht";"Expense"
"4228";"GewStl. zu berücks. Pacht §8 GewStG";"Expense"
"4229";"Vergütung Mituntern. Pacht WG § 15 EStG";"Expense"
"4230";"Heizung";"Expense"
"4240";"Gas, Strom, Wasser";"Expense"
"4248";"Gas, Strom, Wasser  f. Gebäude nicht Betriebsverm.";"Expense"
"4250";"Reinigung";"Expense"
"4258";"Reinigung in Gebäuden nicht Betriebsvermögen";"Expense"
"4260";"Instandhaltung betrieblicher Räume";"Expense"
"4268";"Instandhaltung betriebl.Räume n. Betriebsvermögen";"Expense"
"4270";"Abgaben betrieblich genutzt. Grundbesitz";"Expense"
"4278";"Abgaben betriebl. genutzt. Grundb.n. Betriebsver.";"Expense"
"4280";"Sonstige Raumkosten";"Expense"
"4286";"Sonstige Raumkosten die nicht zum Betriebsvermögen";"Expense"
"4288";"Aufwendungen für ein häusliches Arbeitszimmer";"Expense"
"4289";"Aufw. f.ein häusl. Arbeitszimmer nicht abz. Anteil";"Expense"
"4300";"Nicht abziehbare Vorsteuer";"Expense"
"4301";"Nicht abziehbare Vorsteuer 7%";"Expense"
"4305";"Nicht abziehbare Vorsteuer 16%";"Expense"
"4306";"Nicht abziehbare Vorsteuer 19%";"Expense"
"4320";"Gewerbesteuer";"Expense"
"4330";"Gewerbeertragsteuer";"Expense"
"4335";"Gewerbekapitalsteuer";"Expense"
"4340";"Sonstige Betriebssteuern";"Expense"
"4350";"Verbrauchsteuer";"Expense"
"4355";"Ökosteuer";"Expense"
"4360";"Versicherungen";"Expense"
"4366";"Versicherung. f. Gebäude die zum Betriebsvermögen";"Expense"
"4368";"Versicher. f. Gebäude d. nicht z. Betriebsvermögen";"Expense"
"4370";"Prämie Rückdeckung f. Versorgungsleistg";"Expense"
"4380";"Beiträge";"Expense"
"4390";"Sonstige Abgaben";"Expense"
"4396";"Abzugsf.Verspätungszuschlag/Zwangsgeld";"Expense"
"4397";"Nicht abzf.Verspät.zuschlag/Zwangsgeld";"Expense"
"4400";"(zur freien Verfügung)";"Expense"
"4500";"Fahrzeugkosten";"Expense"
"4510";"Kfz-Steuern";"Expense"
"4520";"Kfz-Versicherungen";"Expense"
"4530";"Laufende Kfz-Betriebskosten";"Expense"
"4540";"Kfz-Reparaturen";"Expense"
"4550";"Garagenmieten";"Expense"
"4560";"Mautgebühren";"Expense"
"4570";"Fremdfahrzeuge";"Expense"
"4580";"Sonstige Kfz-Kosten";"Expense"
"4590";"Kfz-Kosten Betriebl. genutzt ( KFZ Privatvermögen";"Expense"
"4595";"Fremdfahrzeugkosten";"Expense"
"4600";"Werbe-u.Reisekosten";"Expense"
"4610";"Werbekosten";"Expense"
"4630";"Geschenke bis 40 Euro";"Expense"
"4635";"Geschenke über 40 Euro";"Expense"
"4638";"Geschenke ausschließlich betrieblich genutzt";"Expense"
"4640";"Repräsentationskosten";"Expense"
"4650";"Bewirtungskosten";"Expense"
"4651";"Sonstige eingeschränkt abziehbare Betriebausgaben";"Expense"
"4652";"Sonst. einges. abzieh. Betriebausg. n. abz. Anteil";"Expense"
"4653";"Aufmerksamkeiten";"Expense"
"4654";"Nicht abzugsfähige Bewirtungskosten";"Expense"
"4655";"Nicht abzugsfähige Betriebsausgaben";"Expense"
"4660";"Reisekosten Arbeitnehmer";"Expense"
"4663";"Reisekosten mit Vorsteuer AN";"Expense"
"4664";"Reisekosten AN Verpfleg.mehraufwand";"Expense"
"4666";"Reisekosten AN Übernachtungsaufwand";"Expense"
"4667";"Reisekosten Arbeitnehmer";"Expense"
"4668";"Kilometergelderstattung Arbeitnehmer";"Expense"
"4670";"Reisekosten Unternehmer";"Expense"
"4673";"Reisekosten mit Vorsteuer UN";"Expense"
"4674";"Reisekosten UN Verpfleg.mehraufwand";"Expense"
"4675";"Reisekosten Unternehmer";"Expense"
"4676";"Reisekosten UN Übernachtungsaufwand";"Expense"
"4677";"Reisekosten Unternehmer";"Expense"
"4678";"Kilometergelderstattung Unternehmer";"Expense"
"4680";"Fahrten zwischen Wohnung und Arbeitsstätte";"Expense"
"4685";"Km-Geld-Erstattung";"Expense"
"4700";"Kosten Warenabgabe";"Expense"
"4710";"Verpackungsmaterial";"Expense"
"4730";"Ausgangsfrachten";"Expense"
"4750";"Transportversicherungen";"Expense"
"4760";"Verkaufsprovisionen";"Expense"
"4780";"Fremdarbeiten";"Expense"
"4790";"Aufwand für Gewährleistungen";"Expense"
"4800";"Reparatur/Instandh. Anlagen u. Maschinen";"Expense"
"4805";"Reparatur/Instandh. Betriebs- u. Gesch.";"Expense"
"4806";"Wartungskosten für Hard- und Software";"Expense"
"4809";"Sonst. Reparaturen und Instandhaltungen";"Expense"
"4810";"Mietleasing";"Expense"
"4814";"GewStl. zu berücks. Mietleas. §8 GewStG";"Expense"
"4815";"Kaufleasing";"Expense"
"4820";"Abschreibung Ingangsetzung, Erweiterung";"Expense"
"4821";"Abschreib. a. Aufw. Währungsumst. Euro";"Expense"
"4822";"Abschreibung immaterielle VermG";"Expense"
"4824";"Abschr. Geschäfts- oder Firmenwert";"Expense"
"4826";"Apl. Abschreibungen immaterielle VermG";"Expense"
"4830";"Abschreibungen auf Sachanlagen";"Expense"
"4831";"Abschreibungen auf Gebäude";"Expense"
"4832";"Abschreibungen auf Kfz";"Expense"
"4840";"Apl. Abschreibungen auf Sachanlagen";"Expense"
"4841";"Absetz.f.auserg.Tech.u Wirtschaft Abnutzung Gebäud";"Expense"
"4842";"Absetz.f.auserg.Tech.u Wirtschaft Abnutzung Kfz";"Expense"
"4843";"Absetz.f.auserg.Tech.u Wirtschaft Abnutzung sonst.";"Expense"
"4850";"Abschreib.Sachanlagen/stl. So-Vorschr.";"Expense"
"4851";"Sonderabschreibung §7g Abs.1und 2 EStG ohne Kfz";"Expense"
"4852";"Sonderabschreibung §7g Abs.1und 2 EStG für Kfz";"Expense"
"4855";"Sofortabschreibung GWG";"Expense"
"4860";"Abschreibungen auf aktivierte GWG";"Expense"
"4865";"Apl. Abschreibungen auf aktivierte GWG";"Expense"
"4870";"Abschreibungen auf Finanzanlagen";"Expense"
"4871";"Abschreibg. Finanzanl. 100/50% n.abz.";"Expense"
"4872";"Abschr.Verl.Ant.Mituntern.sch.§8 GewStG";"Expense"
"4873";"Abschr. auf Finanzanlagen steuerl. S-Vor";"Expense"
"4874";"Abschreib.Finanzanlagen/stl.So-Vorsch.";"Expense"
"4875";"Abschreibungen Wertpapiere des UV";"Expense"
"4876";"Abschreibg. Wertpap.UV 100/50% n.abz.";"Expense"
"4879";"Vorwegn.künft.Wertschwankg. b.Wertp.UV";"Expense"
"4880";"Abschreibungen auf Umlaufvermögen";"Expense"
"4882";"Abschreibungen auf UV, steuerr. bedingt";"Expense"
"4885";"Vorwegnahme künftiger UV-Wertschwankg.";"Expense"
"4886";"Abschreibungen auf Umlaufvermögen";"Expense"
"4887";"Abschreibungen auf UV, steuerr. bedingt";"Expense"
"4890";"Vorwegnahme künftiger UV-Wertschwankg.";"Expense"
"4900";"Sonstige betriebliche Aufwendungen";"Expense"
"4905";"Sonstige betriebl.u.regelm.Aufwendungen";"Expense"
"4909";"Fremdleistungen";"Expense"
"4910";"Porto";"Expense"
"4920";"Telefon";"Expense"
"4925";"Telefax";"Expense"
"4930";"Bürobedarf";"Expense"
"4940";"Zeitschriften, Bücher";"Expense"
"4945";"Fortbildungskosten";"Expense"
"4946";"Freiwillige Sozialleistungen";"Expense"
"4948";"Vergütg.freiberufl. Mituntern. § 15 EStG";"Expense"
"4949";"Haftungsvergütung an Mitunternehmer";"Expense"
"4950";"Rechts- und Beratungskosten";"Expense"
"4955";"Buchführungskosten";"Expense"
"4957";"Abschluss- und Prüfungskosten";"Expense"
"4960";"Mieten für Einrichtungen";"Expense"
"4965";"Mietleasing";"Expense"
"4966";"Gewerbesteuerl. zu berücksichtigendes Mietleasing";"Expense"
"4968";"GewStl. zu berücks. Miete Einr.§8 GewStG";"Expense"
"4969";"Aufwand Abraum-/Abfallbeseitigung";"Expense"
"4970";"Nebenkosten des Geldverkehrs";"Expense"
"4975";"Aufwendg. Anteile KapGes 100/50% n.abz";"Expense"
"4976";"Aufw. Veräuß. Ant. KapGes 100/50% n.abz";"Expense"
"4980";"Betriebsbedarf";"Expense"
"4985";"Werkzeuge und Kleingeräte";"Expense"
"4990";"Kalkulatorischer Unternehmerlohn";"Expense"
"4991";"Kalkulatorische Miete und Pacht";"Expense"
"4992";"Kalkulatorische Zinsen";"Expense"
"4993";"Kalkulatorische Abschreibungen";"Expense"
"4994";"Kalkulatorische Wagnisse";"Expense"
"4995";"Kalkulatorischer Lohn, unentgeltl. AN";"Expense"
"4996";"Herstellungskosten";"Expense"
"4997";"Verwaltungskosten";"Expense"
"4998";"Vertriebskosten";"Expense"
"4999";"Gegenkonto zu 4996 bis 4998";"Expense"
"7000";"Unfertige Erzeugnisse und Leistungen";"Asset"
"7050";"Unfertige Erzeugnisse";"Asset"
"7080";"Unfertige Leistungen";"Asset"
"7090";"In Ausführung befindl. Bauaufträge";"Asset"
"7095";"In Arbeit befindliche Aufträge";"Asset"
"7100";"Fertige Erzeugnisse und Waren";"Asset"
"7110";"Fertige Erzeugnisse";"Asset"
"7140";"Waren";"Asset"
"7833";"Erlöse a.i.and. EG-Land steuerpfl. sonst.Liefer.";"Revenue"
"8000";"(Zur freien Verfügung)";"Revenue"
"8100";"Steuerfreie Umsätze §4 Nr. 8 ff UStG";"Revenue"
"8110";"Sonstige steuerfr. Umsätze Inland";"Revenue"
"8120";"Steuerfreie Umsätze § 4 Nr. 1a UStG";"Revenue"
"8125";"Steuerfreie EG-Lieferungen §4, 1b UStG";"Revenue"
"8128";"Steuerfreie innergem. Lieferung, aktive Lohnver.";"Revenue"
"8130";"Innergemeinschaftl. Dreiecksgeschäft";"Revenue"
"8135";"Steuerfr. EG-Lief.v.Neufahrzg.ohne UStID";"Revenue"
"8140";"Steuerfreie Umsätze Offshore usw.";"Revenue"
"8150";"Steuerfreie Umsätze § 4 Nr. 2-7 UStG";"Revenue"
"8190";"Erlöse mit Durchschnittssätzen §24 UStG versteuert";"Revenue"
"8192";"Erlöse aus Geldspielautomaten 15% USt (Faktor 2,5)";"Revenue"
"8195";"Erlöse aus Geldspielautomaten 16% USt";"Revenue"
"8196";"Erlöse Geldspielautomaten 19% USt";"Revenue"
"8197";"Erlöse Geldspielautomaten 16% USt";"Revenue"
"8200";"Erlöse";"Revenue"
"8300";"Erlöse 7% USt";"Revenue"
"8310";"Erlöse EG-Lieferungen 7% USt";"Revenue"
"8315";"Erlöse aus im Inland steuerpfl. EG-Liefer. 19% USt";"Revenue"
"8320";"Im anderen EG-Land stpfl. Lieferungen";"Revenue"
"8330";"Erlöse aus im Inland steuerpfl. EG-Liefer. 16%";"Revenue"
"8337";"Erlöse aus Leistungen nach § 13b";"Revenue"
"8338";"Erlöse aus im Drittlandsteuerb. Leistungen, im In-";"Revenue"
"8339";"Im anderen EG-Land stpfl. sonst. Leist.";"Revenue"
"8340";"Erlöse 16% Umsatzsteuer";"Revenue"
"8400";"Erlöse 19% Umsatzsteuer";"Revenue"
"8410";"Erlöse 16% Umsatzsteuer";"Revenue"
"8500";"Provisionserlöse";"Revenue"
"8504";"Provisionserlöse, steuerfrei §4 Nr.8ff";"Revenue"
"8505";"Provisionserlöse, steuerfrei § 4 Nr.5";"Revenue"
"8506";"Provisionserlöse 7% USt";"Revenue"
"8507";"Provisionserlöse 15% USt";"Revenue"
"8508";"Provisionserlöse 16% USt";"Revenue"
"8509";"Provisionserlöse 16% USt";"Revenue"
"8518";"Provisionsumsätze 16% USt";"Revenue"
"8519";"Provisionsumsätze 19% USt";"Revenue"
"8520";"Erlöse Abfallverwertung";"Revenue"
"8540";"Erlöse Leergut";"Revenue"
"8578";"Provision, sonstige Umsätze 16% USt";"Revenue"
"8579";"Provision, sonstige Umsätze 19% USt";"Revenue"
"8590";"Verrechnete sonstige Sachbezüge";"Revenue"
"8591";"Sachbezüge 7% USt";"Revenue"
"8595";"Sachbezüge 19% USt (Waren)";"Revenue"
"8596";"Sachbezüge 16% Umsatzsteuer (Waren)";"Revenue"
"8597";"Sachbezüge 15% Umsatzsteuer (Waren)";"Revenue"
"8600";"Sonst. Erlöse betr. u. regelmäßig";"Revenue"
"8610";"Verrechnete sonstige Sachbezüge";"Revenue"
"8611";"Verrechn. sonstige Sachbezüge 19% USt";"Revenue"
"8612";"Verrechnete sonstige Sachbezüge 16% USt (z.B. KFZ)";"Revenue"
"8613";"Verrechnete sonstige Sachbezüge 15% USt";"Revenue"
"8614";"Verrechn. sonstige Sachbezüge ohne USt";"Revenue"
"8625";"Sonst. Erlöse betr. u. regelmäßig stfr.";"Revenue"
"8630";"Sonst. Erlöse betr. u. regelmäßig 7%";"Revenue"
"8640";"Sonst. Erlöse betr. u. regelmäßig 19%";"Revenue"
"8648";"Sonstige Erlöse betrieblich und regelm. 16% USt";"Revenue"
"8650";"Erlöse Zinsen und Diskontspesen";"Revenue"
"8660";"Erl.Zinsen /Diskontspesen aus verb.UN";"Revenue"
"8700";"Erlösschmälerungen";"Revenue"
"8705";"Erlösschmälerungen steuerfrei §4 Nr. 1a";"Revenue"
"8710";"Erlösschmälerungen 7% USt";"Revenue"
"8720";"Erlösschmälerungen 19% USt";"Revenue"
"8723";"Erlösschmälerungen 16% Umsatzsteuer";"Revenue"
"8724";"Erlösschmälerung EG-Lieferung steuerfrei";"Revenue"
"8725";"Erlösschmälerung EG-Lieferung 7% USt";"Revenue"
"8726";"Erlösschmälerung EG-Lieferung 19% USt";"Revenue"
"8727";"Erlösschmäl.i.and. EG-Land stpfl. Lief.";"Revenue"
"8728";"Erlösschm. a. i. Inl. steuerpfl. EG-Liefer. 16%";"Revenue"
"8729";"Erlösschmälerung EG-Lieferung 16% USt";"Revenue"
"8730";"Gewährte Skonti";"Revenue"
"8731";"Gewährte Skonti 7% USt";"Revenue"
"8736";"Gewährte Skonti 19% USt";"Revenue"
"8748";"Gewährte Skonti EG-Lieferung 19% USt";"Revenue"
"8750";"Gewährte Boni 7% USt";"Revenue"
"8760";"Gewährte Boni 19% USt";"Revenue"
"8762";"Gewährte Boni 16%  USt";"Revenue"
"8764";"Gewährte Boni 16% USt";"Revenue"
"8770";"Gewährte Rabatte";"Revenue"
"8780";"Gewährte Rabatte 7% USt";"Revenue"
"8790";"Gewährte Rabatte 19% USt";"Revenue"
"8792";"Gewährte Rabatte 16% USt";"Revenue"
"8794";"Gewährte Rabatte 16% USt";"Revenue"
"8800";"Erlöse aus Anlagenverkäufen";"Revenue"
"8801";"Erlöse Sachanlageverkäufe 19% USt (Buchverlust)";"Revenue"
"8807";"Erlöse Verkäufen Sachanlagevermögen steuerfrei";"Revenue"
"8808";"Erlöse Verkäufen Sachanlagevermögen steuerfrei";"Revenue"
"8809";"Erlöse Sachanlageverkäufe 16% USt (Buchverlust)";"Revenue"
"8810";"Erlöse aus Anlagenverk. 16% USt. (Buchverlust)";"Revenue"
"8815";"Erlöse aus Anlagenverk. 15% USt. (Buchverlust)";"Revenue"
"8817";"Erlöse Verkäufe immat.Vermögensgegenst";"Revenue"
"8818";"Erlöse a. Verkäufen Finanzanlagen";"Revenue"
"8819";"Erl. Verkauf Finanzanl. 100/50% n. abz.";"Revenue"
"8820";"Erlöse Sachanlageverkäufe 19% USt (Buchgewinn)";"Revenue"
"8826";"Erlöse Sachanlageverkäufe 16% USt (Buchgewinn)";"Revenue"
"8827";"Erlöse  Verkäufen Sachanlagevermögen steuerfrei";"Revenue"
"8828";"Erlöse Verkäufen Sachanlagevermögen steuerfrei";"Revenue"
"8829";"Erlöse Anlagenverkäufe 19 %";"Revenue"
"8830";"Erlöse aus Anlagenverk. 16% USt. (Buchgewinn)";"Revenue"
"8835";"Erlöse aus Anlagenverk. 15% USt. (Buchgewinn)";"Revenue"
"8837";"Erlöse Verkäufe immat.Vermögensgegenst";"Revenue"
"8838";"Erlöse a. Verkäufen Finanzanlagen";"Revenue"
"8839";"Erl. Verkauf Finanzanl. 100/50% st.frei";"Revenue"
"8900";"Unentgeltliche Wertabgaben";"Revenue"
"8905";"Entnahme von Gegenständen ohne USt";"Revenue"
"8908";"Entnahme von Gegenständen 16% Umsatzsteuer";"Revenue"
"8909";"Entnahme von Gegenständen 15% Umsatzsteuer";"Revenue"
"8910";"Entnahme Unternehmer (Waren) 19% USt";"Revenue"
"8913";"Entnahme Unternehmer (Waren) 19% USt";"Revenue"
"8914";"Entnahme Unternehmer (Waren) 16% USt";"Revenue"
"8915";"Entnahme Unternehmer (Waren) 7% USt";"Revenue"
"8919";"Entnahme Unternehmer (Waren) ohne USt";"Revenue"
"8920";"Verwendung von Gegenständen 19% USt";"Revenue"
"8921";"Verwendung von Gegenständen 19% USt (Kfz Nutzung)";"Revenue"
"8922";"Verwendung von Gegenständen 19% USt (Tel. Nutzung)";"Revenue"
"8923";"Verwendung von Gegenständen 16% USt";"Revenue"
"8924";"Verwendung von Gegenständen ohne USt";"Revenue"
"8925";"Unentgeltl. Erbringung Leist. 19% USt";"Revenue"
"8927";"Unentgeltl. Erbringung Leist. 19% USt";"Revenue"
"8928";"Unentgeltl. Erbringung Leist. 16% USt";"Revenue"
"8929";"Unentgeltl. Erbringung Leist. ohne USt";"Revenue"
"8930";"Verwendung von Gegenständen 7% USt";"Revenue"
"8932";"Unentgeltl. Erbringung Leist. 7% USt";"Revenue"
"8934";"Verwendung von Gegenständen 16% USt (Kfz Nutzung)";"Revenue"
"8935";"Unentgeltl. Zuwendung von Gegenständen 19% USt";"Revenue"
"8937";"Unentgeltl. Zuwendung von Gegenständen 19% USt";"Revenue"
"8938";"Unentgeltl. Zuwendung von Gegenständen 16% USt";"Revenue"
"8939";"Unentgeltl. Zuwend. Gegenstände ohne USt";"Revenue"
"8940";"Unentgeltl. Zuwend. von Waren 19% USt";"Revenue"
"8943";"Unentgeltl. Zuwend. von Waren 19% USt";"Revenue"
"8944";"Unentgeltl. Zuwend. von Waren 16% USt";"Revenue"
"8945";"Unentgeltl. Zuwend. von Waren 7% USt";"Revenue"
"8946";"Unentgeltliche Leistungen 7% Umsatzsteuer";"Revenue"
"8947";"Unentgeltliche Leistungen 16% Umsatzsteuer";"Revenue"
"8948";"Verwendung von Gegenständen 16% USt (Telefon)";"Revenue"
"8949";"Unentgeltl. Zuwend. von Waren ohne USt";"Revenue"
"8950";"Nicht steuerbare Umsätze";"Revenue"
"8955";"Umsatzsteuer-Vergütungen";"Revenue"
"8960";"Bestandsveränd.unfertige Erzeugnisse";"Revenue"
"8970";"Bestandsveränderung unfertige Leistung";"Revenue"
"8975";"Bestandsveränderung Bauaufträge";"Revenue"
"8977";"Bestandsveränderung Aufträge in Arbeit";"Revenue"
"8980";"Bestandsveränderung fertige Erzeugnisse";"Revenue"
"8990";"Andere aktivierte Eigenleistungen";"Revenue"
"9000";"Saldenvorträge Sachkonten";"Asset"
"9001";"Saldovorträge, Sachkonten";"Asset"
"9008";"Saldenvorträge Debitoren";"Asset"
"9009";"Saldenvorträge Kreditoren";"Liability"
"9070";"Offene Posten 2000";"Asset"
"9071";"Offene Posten 2001";"Asset"
"9072";"Offene Posten 2002";"Asset"
"9073";"Offene Posten aus 2003";"Asset"
"9090";"Summenvortrag";"Asset"
"9900";"Anfangsbestand Forderungen §4 Abs.3 EStG";"Asset"
"9990";"Gegenkonto Anfangs-/Endbestand Ford. §4 Abs.3 EStG";"Asset"
